id	pctfb
1001	0.035129023
1003	0.045437075
1005	0.033906919
1007	0.01433219
1009	0.04819741
1011	0.048818608
1013	0.011553212
1015	0.034018059
1017	0.015709091
1019	0.015143886
1021	0.046933984
1023	0.009603669
1025	0.009099286
1027	0.024411135
1029	0.014783953
1031	0.068141647
1033	0.020301773
1035	0.003311757
1037	0.033707865
1039	0.017039432
1041	0.023532788
1043	0.028861252
1045	0.065965545
1047	0.012058904
1049	0.078036483
1051	0.03030226
1053	0.015414511
1055	0.027212712
1057	0.011577674
1059	0.080521375
1061	0.027433761
1063	0
1065	0.014024543
1067	0.028886311
1069	0.031522281
1071	0.020747043
1073	0.047515841
1075	0.003482655
1077	0.023312272
1079	0.015124088
1081	0.060701462
1083	0.047711385
1085	0.002773444
1087	0.015310159
1089	0.070683482
1091	0.00591576
1093	0.016314062
1095	0.088743319
1097	0.038175972
1099	0.015544713
1101	0.053961972
1103	0.058749082
1105	0.009416196
1107	0.004857071
1109	0.043454159
1111	0.022944216
1113	0.035321014
1115	0.026492478
1117	0.06739
1119	0.004143044
1121	0.02132134
1123	0.02184361
1125	0.04152719
1127	0.014574791
1129	0.005832904
1131	0.003962232
1133	0.01398772
2013	0.680285344
2016	0.375182216
2020	0.119861512
2050	0.013963354
2060	0.009661836
2068	0.092655367
2070	0.02249742
2090	0.078098189
2100	0.047637952
2105	0.05717102
2110	0.077230828
2122	0.0455426
2130	0.089140642
2150	0.177268683
2164	0.012987013
2170	0.056290819
2180	0.027110029
2185	0.033890845
2188	0.023898035
2195	0.067345341
2198	0.029417073
2220	0.072981192
2230	0.214479638
2240	0.094857143
2261	0.064818674
2270	0.006289308
2275	0.050148746
2282	0.117647059
2290	0.020131837
4001	0.022071475
4003	0.149504844
4005	0.070680865
4007	0.04273136
4009	0.052260349
4011	0.043319169
4012	0.125383753
4013	0.167132041
4015	0.071438537
4017	0.033085703
4019	0.146389634
4021	0.11405736
4023	0.343206283
4025	0.078766636
4027	0.261589216
5001	0.028099864
5003	0.022762451
5005	0.0254774
5007	0.113765175
5009	0.013709765
5011	0.064248705
5013	0.00276906
5015	0.081746178
5017	0.024441282
5019	0.026142374
5021	0.011031235
5023	0.022995192
5025	0.007896544
5027	0.027106108
5029	0.026554527
5031	0.036029211
5033	0.044182862
5035	0.017297489
5037	0.006169409
5039	0.004268293
5041	0.022542076
5043	0.026001405
5045	0.043328711
5047	0.008977254
5049	0.021055199
5051	0.046208061
5053	0.028761186
5055	0.013288957
5057	0.054506135
5059	0.0149099
5061	0.05926302
5063	0.048209708
5065	0.020955882
5067	0.012465914
5069	0.018251323
5071	0.081667191
5073	0.003640619
5075	0.012113521
5077	0.017703304
5079	0.013153242
5081	0.017921147
5083	0.017465114
5085	0.031820685
5087	0.027454243
5089	0.025800287
5091	0.017219063
5093	0.023536732
5095	0.011415525
5097	0.025495154
5099	0.005617978
5101	0.017598468
5103	0.011937101
5105	0.014545455
5107	0.00380866
5109	0.04854713
5111	0.009260011
5113	0.041025141
5115	0.039956839
5117	0.00729927
5119	0.063703185
5121	0.015098529
5123	0.017130697
5125	0.029781116
5127	0.056445869
5129	0.016235352
5131	0.097718488
5133	0.168161036
5135	0.009375359
5137	0.008067769
5139	0.023567898
5141	0.02144306
5143	0.120151928
5145	0.029786563
5147	0.008673262
5149	0.140304615
6001	0.321092184
6003	0.054841474
6005	0.065526619
6007	0.086923017
6009	0.053959034
6011	0.250786496
6013	0.249274198
6015	0.075977732
6017	0.094152703
6019	0.22741991
6021	0.162700253
6023	0.064722836
6025	0.334177644
6027	0.108630872
6029	0.213326677
6031	0.223474579
6033	0.096145484
6035	0.081597669
6037	0.365049791
6039	0.219442421
6041	0.200485906
6043	0.052651722
6045	0.127403599
6047	0.259422096
6049	0.067904454
6051	0.188926941
6053	0.319010173
6055	0.236871847
6057	0.063053907
6059	0.314699453
6061	0.113798704
6063	0.071166799
6065	0.231742066
6067	0.209967483
6069	0.215206021
6071	0.226958682
6073	0.249167796
6075	0.373845057
6077	0.243830087
6079	0.113166412
6081	0.356280441
6083	0.246776387
6085	0.3820743
6087	0.196841196
6089	0.062477783
6091	0.057064388
6093	0.063463647
6095	0.221352218
6097	0.174963588
6099	0.222343205
6101	0.238650841
6103	0.109295864
6105	0.04456276
6107	0.237434496
6109	0.052389838
6111	0.23957119
6113	0.227166912
6115	0.135330075
8001	0.159842964
8003	0.077167912
8005	0.162814015
8007	0.036701777
8009	0.029944838
8011	0.049643089
8013	0.12483075
8014	0.089848329
8015	0.045462247
8017	0.068090788
8019	0.042276781
8021	0.04594069
8023	0.118672666
8025	0.090351176
8027	0.02751103
8029	0.051588078
8031	0.176231611
8033	0.01957905
8035	0.073214012
8037	0.20877626
8039	0.043527713
8041	0.103492608
8043	0.053741497
8045	0.169599253
8047	0.044647968
8049	0.067514008
8051	0.067500327
8053	0.025991792
8055	0.056816518
8057	0.035475234
8059	0.071138559
8061	0.02662037
8063	0.084494987
8065	0.163052782
8067	0.042030697
8069	0.063450037
8071	0.048105988
8073	0.063529843
8075	0.060400589
8077	0.046585524
8079	0.026279391
8081	0.069409686
8083	0.025185244
8085	0.0886749
8087	0.141502344
8089	0.042617717
8091	0.043468314
8093	0.033335383
8095	0.108175814
8097	0.133760249
8099	0.120570749
8101	0.044597521
8103	0.055471584
8105	0.083606145
8107	0.051420197
8109	0.120519059
8111	0.04494382
8113	0.092374374
8115	0.029707113
8117	0.135619727
8119	0.043281962
8121	0.047780845
8123	0.099657464
8125	0.112148594
9001	0.23066168
9003	0.193947145
9005	0.073081768
9007	0.089227586
9009	0.153997804
9011	0.112729991
9013	0.080593514
9015	0.081850624
10001	0.071784964
10003	0.115313209
10005	0.077740406
11001	0.14808866
12001	0.125193438
12003	0.017384507
12005	0.074502669
12007	0.034667782
12009	0.111784555
12011	0.340664703
12013	0.052374398
12015	0.107692308
12017	0.063546264
12019	0.087315369
12021	0.248960439
12023	0.050425788
12027	0.203697828
12029	0.043267758
12031	0.113747111
12033	0.076125079
12035	0.151126219
12037	0.05177348
12039	0.069927497
12041	0.034673158
12043	0.173998739
12045	0.050006298
12047	0.06043956
12049	0.23058866
12051	0.278374783
12053	0.093858054
12055	0.139556498
12057	0.197231105
12059	0.037744338
12061	0.115492978
12063	0.041100591
12065	0.038913965
12067	0.075113017
12069	0.114924525
12071	0.173822763
12073	0.084074746
12075	0.059054147
12077	0.044506091
12079	0.042762987
12081	0.136157935
12083	0.107206907
12085	0.112847127
12086	0.545230568
12087	0.189398916
12089	0.041407038
12091	0.10554313
12093	0.138226024
12095	0.27157844
12097	0.347893928
12099	0.241652481
12101	0.115289523
12103	0.131626538
12105	0.145600759
12107	0.064132985
12109	0.081960694
12111	0.179906295
12113	0.070445716
12115	0.127419372
12117	0.162507953
12119	0.070370411
12121	0.060139419
12123	0.034134572
12125	0.06955567
12127	0.104640498
12129	0.041182154
12131	0.066600379
12133	0.034918307
13001	0.057301395
13003	0.117970149
13005	0.050022573
13007	0.003720664
13009	0.032905384
13011	0.033971451
13013	0.078547186
13015	0.053829432
13017	0.018348624
13019	0.033092691
13021	0.041756344
13023	0.028789614
13025	0.006857334
13027	0.042322835
13029	0.064964653
13031	0.043835497
13033	0.013958899
13035	0.026306857
13037	0.059683313
13039	0.041075325
13043	0.064915986
13045	0.055842672
13047	0.027842811
13049	0.074327513
13051	0.07973305
13053	0.112356666
13055	0.033152571
13057	0.095974749
13059	0.122163763
13061	0.001252348
13063	0.164092101
13065	0.006734993
13067	0.165074189
13069	0.074342121
13071	0.114532266
13073	0.095479458
13075	0.045606229
13077	0.069329163
13079	0.021959062
13081	0.013045896
13083	0.022612461
13085	0.038967497
13087	0.030333453
13089	0.175068804
13091	0.017965458
13093	0.03569946
13095	0.029265663
13097	0.095284082
13099	0.005670567
13101	0.262948207
13103	0.031432124
13105	0.030433067
13107	0.034092428
13109	0.08362116
13111	0.013515237
13113	0.108243633
13115	0.070682865
13117	0.14081316
13119	0.0290019
13121	0.141033761
13123	0.064697958
13125	0.017728168
13127	0.063909774
13129	0.0914388
13131	0.061045112
13133	0.041548986
13135	0.273164736
13137	0.092200075
13139	0.169121524
13141	0.01300052
13143	0.015271434
13145	0.040985956
13147	0.020214883
13149	0.016159211
13151	0.091128242
13153	0.074764118
13155	0.007896104
13157	0.056339677
13159	0.045507246
13161	0.044713522
13163	0.020382769
13165	0.066570536
13167	0.016244768
13169	0.030293457
13171	0.022678126
13173	0.039779119
13175	0.025102257
13177	0.035503168
13179	0.123585199
13181	0.016532007
13183	0.082763139
13185	0.060687493
13187	0.048200143
13189	0.015456093
13191	0.010806968
13193	0.072664835
13195	0.024216371
13197	0.068650422
13199	0.00684284
13201	0.019543974
13205	0.025552224
13207	0.022859978
13209	0.052406534
13211	0.034068024
13213	0.086407035
13215	0.078086217
13217	0.076327076
13219	0.057743596
13221	0.029483862
13223	0.054283187
13225	0.068777652
13227	0.035604979
13229	0.028932112
13231	0.016661
13233	0.081124342
13235	0.027446301
13237	0.055802726
13239	0.005222981
13241	0.074898785
13243	0.02083876
13245	0.058523355
13247	0.120446485
13249	0.050153531
13251	0.006531945
13253	0.024590164
13255	0.040290051
13257	0.025573872
13259	0.064718872
13261	0.044112719
13263	0.007123128
13265	0.035175879
13267	0.077791262
13269	0.021150785
13271	0.109847314
13273	0.023294858
13275	0.02414311
13277	0.065565615
13279	0.063075287
13281	0.025614169
13283	0.013000292
13285	0.04230526
13287	0.019168617
13289	0.008913043
13291	0.037705613
13293	0.018762622
13295	0.021559163
13297	0.055419684
13299	0.037782261
13301	0.015324366
13303	0.020920897
13305	0.047085501
13307	0.019565217
13309	0.019173239
13311	0.026005961
13313	0.188395203
13315	0.023546161
13317	0.023366714
13319	0.013621712
13321	0.016098616
15001	0.132373755
15003	0.231018747
15005	0.385964912
15007	0.160468133
15009	0.171836476
16001	0.075365687
16003	0.00879397
16005	0.033549492
16007	0.008980542
16009	0.023243301
16011	0.073418959
16013	0.163294933
16015	0.034818156
16017	0.0376019
16019	0.06053387
16021	0.041401568
16023	0.056179775
16025	0.086639676
16027	0.097936984
16029	0.034963006
16031	0.107731982
16033	0.318772137
16035	0.025019993
16037	0.014607002
16039	0.125074783
16041	0.035098814
16043	0.057336481
16045	0.056128225
16047	0.15407262
16049	0.020114229
16051	0.048198964
16053	0.158805176
16055	0.033722609
16057	0.049523448
16059	0.019632679
16061	0.015587847
16063	0.148648649
16065	0.040044343
16067	0.117882472
16069	0.024099468
16071	0.010414201
16073	0.122630797
16075	0.047486281
16077	0.1303611
16079	0.024048564
16081	0.114755774
16083	0.084737748
16085	0.02875367
16087	0.09701566
17001	0.015362816
17003	0.020687996
17005	0.024427139
17007	0.113157311
17009	0.03015804
17011	0.036810342
17013	0.026114274
17015	0.022553961
17017	0.103526652
17019	0.123338498
17021	0.020890048
17023	0.012711349
17025	0.009306016
17027	0.021289619
17029	0.020713807
17031	0.224409407
17033	0.016372796
17035	0.014810801
17037	0.078159031
17039	0.019176435
17041	0.045846277
17043	0.193233825
17045	0.021867296
17047	0.004183475
17049	0.012533232
17051	0.013831572
17053	0.017603634
17055	0.01375822
17057	0.029443457
17059	0.006860158
17061	0.008194954
17063	0.03879903
17065	0.005331122
17067	0.014199948
17069	0.008951113
17071	0.032389213
17073	0.024987615
17075	0.032239724
17077	0.063404618
17079	0.012532101
17081	0.015064562
17083	0.017717221
17085	0.032189881
17087	0.02692247
17089	0.191955999
17091	0.048150937
17093	0.097185985
17095	0.02564248
17097	0.191738147
17099	0.039248233
17101	0.021064499
17103	0.023825392
17105	0.023158597
17107	0.018680196
17109	0.040186086
17111	0.105030206
17113	0.060831936
17115	0.021280439
17117	0.015810689
17119	0.029027127
17121	0.012327591
17123	0.022849039
17125	0.017919935
17127	0.00874409
17129	0.005341293
17131	0.008243923
17133	0.013580737
17135	0.016829317
17137	0.018837776
17139	0.019156569
17141	0.053302195
17143	0.049946173
17145	0.01758693
17147	0.015858767
17149	0.008284954
17151	0.031009507
17153	0.024417853
17155	0.025546836
17157	0.020236994
17159	0.03263288
17161	0.073097375
17163	0.041583671
17165	0.016353556
17167	0.03606544
17169	0.034180077
17171	0.010278453
17173	0.01038961
17175	0.014046823
17177	0.028786926
17179	0.018947384
17181	0.036347369
17183	0.022787565
17185	0.015447222
17187	0.05
17189	0.01125729
17191	0.012192221
17193	0.013697701
17195	0.035737436
17197	0.122422371
17199	0.021113215
17201	0.082518066
17203	0.022480077
18001	0.012608353
18003	0.062317476
18005	0.075036584
18007	0.01894498
18009	0.011830635
18011	0.035833483
18013	0.018913772
18015	0.024271362
18017	0.083574966
18019	0.044569371
18021	0.013545107
18023	0.071355483
18025	0.007066481
18027	0.028200466
18029	0.017661816
18031	0.026944942
18033	0.018179229
18035	0.025354944
18037	0.042591754
18039	0.090185918
18041	0.010935252
18043	0.028079123
18045	0.017069784
18047	0.009489712
18049	0.028826223
18051	0.011615028
18053	0.0216271
18055	0.009965469
18057	0.075761239
18059	0.021554284
18061	0.017545662
18063	0.04450483
18065	0.011933612
18067	0.021939009
18069	0.016862682
18071	0.050557533
18073	0.024748902
18075	0.013042259
18077	0.023193329
18079	0.014697092
18081	0.040795214
18083	0.021224575
18085	0.043071501
18087	0.020967916
18089	0.075974414
18091	0.034990924
18093	0.016687228
18095	0.023370992
18097	0.087931678
18099	0.047026544
18101	0.016277492
18103	0.019984897
18105	0.083036147
18107	0.036656201
18109	0.014689233
18111	0.030974071
18113	0.05462733
18115	0.006585446
18117	0.010764046
18119	0.014585737
18121	0.012494242
18123	0.006718346
18125	0.011704519
18127	0.042207752
18129	0.016671159
18131	0.007095868
18133	0.019090384
18135	0.014004961
18137	0.015074851
18139	0.00749385
18141	0.061014471
18143	0.011985733
18145	0.033876897
18147	0.022070741
18149	0.017802754
18151	0.02526112
18153	0.013824241
18155	0.013073767
18157	0.111092914
18159	0.014479186
18161	0.008287662
18163	0.028382267
18165	0.005567452
18167	0.036772369
18169	0.017898786
18171	0.018181818
18173	0.032045208
18175	0.010346905
18177	0.023481664
18179	0.015584416
18181	0.04527798
18183	0.01097973
19001	0.01168983
19003	0.006364749
19005	0.057586135
19007	0.011527155
19009	0.011887315
19011	0.01502549
19013	0.050138398
19015	0.007088704
19017	0.016053815
19019	0.008086766
19021	0.174917821
19023	0.012019069
19025	0.009432028
19027	0.015089625
19029	0.01184664
19031	0.012861562
19033	0.025494277
19035	0.012437811
19037	0.018925421
19039	0.059020646
19041	0.023149814
19043	0.018898072
19045	0.017058046
19047	0.140475492
19049	0.070018483
19051	0.01066147
19053	0.022955863
19055	0.011233431
19057	0.024021861
19059	0.016395404
19061	0.02253639
19063	0.040492105
19065	0.011748973
19067	0.018782224
19069	0.059504904
19071	0.011235955
19073	0.018652739
19075	0.00483598
19077	0.014739332
19079	0.025642653
19081	0.023651016
19083	0.024268258
19085	0.012759703
19087	0.047094831
19089	0.018454801
19091	0.026369168
19093	0.007283933
19095	0.009913107
19097	0.012220881
19099	0.01606959
19101	0.121464027
19103	0.093953964
19105	0.0146867
19107	0.008153204
19109	0.012546409
19111	0.024850784
19113	0.032712572
19115	0.0829302
19117	0.04467354
19119	0.011745401
19121	0.010711308
19123	0.021441626
19125	0.023852331
19127	0.108891529
19129	0.022498677
19131	0.01574949
19133	0.010001075
19135	0.026166813
19137	0.019366197
19139	0.072055167
19141	0.024177815
19143	0.033661236
19145	0.028760372
19147	0.012555391
19149	0.017860726
19151	0.017415958
19153	0.086636653
19155	0.03522452
19157	0.024413393
19159	0.021367521
19161	0.014247208
19163	0.040832911
19165	0.014785166
19167	0.066000894
19169	0.085755896
19171	0.038121361
19173	0.021875984
19175	0.010985486
19177	0.008008402
19179	0.063456714
19181	0.01921106
19183	0.032247662
19185	0.008945386
19187	0.025351004
19189	0.030756519
19191	0.026815005
19193	0.084831538
19195	0.009993425
19197	0.050610032
20001	0.009320707
20003	0.003706907
20005	0.009248829
20007	0.00902194
20009	0.069853475
20011	0.005101027
20013	0.0225
20015	0.024637481
20017	0.023860399
20019	0.019810041
20021	0.015060519
20023	0.02722323
20025	0.034419458
20027	0.019170076
20029	0.016103568
20031	0.011679514
20033	0.023646873
20035	0.038358584
20037	0.039461217
20039	0.017478992
20041	0.018718612
20043	0.015579847
20045	0.075657506
20047	0.095692207
20049	0.011038289
20051	0.024811524
20053	0.025767628
20055	0.209135741
20057	0.257372412
20059	0.020863921
20061	0.147127583
20063	0.011131725
20065	0.007188801
20067	0.156254009
20069	0.131183522
20071	0.050324675
20073	0.005174453
20075	0.124718257
20077	0.023580206
20079	0.051087462
20081	0.161726346
20083	0.051954733
20085	0.021609092
20087	0.008925759
20089	0.013795316
20091	0.088260621
20093	0.118704126
20095	0.008230974
20097	0.028771384
20099	0.020359281
20101	0.017868961
20103	0.054887417
20105	0.021347972
20107	0.02288188
20109	0.025613276
20111	0.106420532
20113	0.021616992
20115	0.016456998
20117	0.017307883
20119	0.078266637
20121	0.016225053
20123	0.022937942
20125	0.030692706
20127	0.028802425
20129	0.062267658
20131	0.007250637
20133	0.019412192
20135	0.035279025
20137	0.019760056
20139	0.007701711
20141	0.01057246
20143	0.01537455
20145	0.019590896
20147	0.013400036
20149	0.042736654
20151	0.021395349
20153	0.024561404
20155	0.026679334
20157	0.012552301
20159	0.041674916
20161	0.084656009
20163	0.005754844
20165	0.014333638
20167	0.014293965
20169	0.060678997
20171	0.122461053
20173	0.086969601
20175	0.317691431
20177	0.053479174
20179	0.00466563
20181	0.035387938
20183	0.006164911
20185	0.065217391
20187	0.218693285
20189	0.195753868
20191	0.009827908
20193	0.026635933
20195	0.017200675
20197	0.013918477
20199	0.040693796
20201	0.026415094
20203	0.100757914
20205	0.006202691
20207	0.002406739
20209	0.147337588
21001	0.013646376
21003	0.028742575
21005	0.01928853
21007	0.014086217
21009	0.018898501
21011	0.009478673
21013	0.006227387
21015	0.057918714
21017	0.05298444
21019	0.01768352
21021	0.036549656
21023	0.018029696
21025	0.007893614
21027	0.007588996
21029	0.016782494
21031	0.028401067
21033	0.010183614
21035	0.037946972
21037	0.022344249
21039	0.001766784
21041	0.048976947
21043	0.006520173
21045	0.011293055
21047	0.057420905
21049	0.023641596
21051	0.010226808
21053	0.008810573
21055	0.011681492
21057	0.006536897
21059	0.02216277
21061	0.01255161
21063	0.00500395
21065	0.001087622
21067	0.092530013
21069	0.006399555
21071	0.004911715
21073	0.034996443
21075	0.009654769
21077	0.055627426
21079	0.013667022
21081	0.021440129
21083	0.042143011
21085	0.010476302
21087	0.011469914
21089	0.013955753
21091	0.011800444
21093	0.074373256
21095	0.00705587
21097	0.015194177
21099	0.01174018
21101	0.013342011
21103	0.016093588
21105	0.013251784
21107	0.015963002
21109	0.003102608
21111	0.067295095
21113	0.039807853
21115	0.007073348
21117	0.028746981
21119	0.011709034
21121	0.008076681
21123	0.021607118
21125	0.015616999
21127	0.005786527
21129	0.011198778
21131	0.003249034
21133	0.006666939
21135	0.002437975
21137	0.006785685
21139	0.011049142
21141	0.02268917
21143	0.013178387
21145	0.025133306
21147	0.012636668
21149	0.009891712
21151	0.029758508
21153	0.004440765
21155	0.019913859
21157	0.017160686
21159	0.020900569
21161	0.012766201
21163	0.038937258
21165	0.007996237
21167	0.015219127
21169	0.015408929
21171	0.02170951
21173	0.013489825
21175	0.008064516
21177	0.011851428
21179	0.020150607
21181	0.006320225
21183	0.020098613
21185	0.046529955
21187	0.019317037
21189	0.000630385
21191	0.004919137
21193	0.007590001
21195	0.012075367
21197	0.005106049
21199	0.017253487
21201	0.002653693
21203	0.001228214
21205	0.015306561
21207	0.023400491
21209	0.028018129
21211	0.065801157
21213	0.014766344
21215	0.014645093
21217	0.019590164
21219	0.026976819
21221	0.014341957
21223	0.028603731
21225	0.016151545
21227	0.082088284
21229	0.022877217
21231	0.012351612
21233	0.02394685
21235	0.010514311
21237	0.005318424
21239	0.070696431
22001	0.010467198
22003	0.041192412
22005	0.035063873
22007	0.013321378
22009	0.010743979
22011	0.031051857
22013	0.003525996
22015	0.052210224
22017	0.025889636
22019	0.029257534
22021	0.008761567
22023	0.008188621
22025	0.00823124
22027	0.012381008
22029	0.012513945
22031	0.015117329
22033	0.054423744
22035	0.004583652
22037	0.012788982
22039	0.024070341
22041	0.00385505
22043	0.034807236
22045	0.035432588
22047	0.016111194
22049	0.013559532
22051	0.118112003
22053	0.009668727
22055	0.047276587
22057	0.027707388
22059	0.014684983
22061	0.053032599
22063	0.024401107
22065	0.008619982
22067	0.005303057
22069	0.015242353
22071	0.06447237
22073	0.018689939
22075	0.043219011
22077	0.024835742
22079	0.028288662
22081	0.002747857
22083	0.004385965
22085	0.018732464
22087	0.054780969
22089	0.035984201
22091	0.007479499
22093	0.012916969
22095	0.041222198
22097	0.010963894
22099	0.018788984
22101	0.044573216
22103	0.04321566
22105	0.024930979
22107	0.006038875
22109	0.033573055
22111	0.021395554
22113	0.030818592
22115	0.069301463
22117	0.014690541
22119	0.011543592
22121	0.019261773
22123	0.014782982
22125	0.018232999
22127	0.00462601
23001	0.041323004
23003	0.06825333
23005	0.066331251
23007	0.024888426
23009	0.035831098
23011	0.031760212
23013	0.030996698
23015	0.027444403
23017	0.023647482
23019	0.034198175
23021	0.02397534
23023	0.038316548
23025	0.025158919
23027	0.022433332
23029	0.053672573
23031	0.042372581
24001	0.023961063
24003	0.096521398
24005	0.116811861
24009	0.046258873
24011	0.056319223
24013	0.046162951
24015	0.045613408
24017	0.074896226
24019	0.039162562
24021	0.106134427
24023	0.011982209
24025	0.064692259
24027	0.192769385
24029	0.046721067
24031	0.32899708
24033	0.209531541
24035	0.047990225
24037	0.05832089
24039	0.045703701
24041	0.060146374
24043	0.054004269
24045	0.081737549
24047	0.049388972
24510	0.079527902
25001	0.075244993
25003	0.056561069
25005	0.139467025
25007	0.086467315
25009	0.173179356
25011	0.051108469
25013	0.168746975
25015	0.099524202
25017	0.204286609
25019	0.15303404
25021	0.162559684
25023	0.092837986
25025	0.308375252
25027	0.137887572
26001	0.021617727
26003	0.02507575
26005	0.037457924
26007	0.018793838
26009	0.021356203
26011	0.013311968
26013	0.027558166
26015	0.020682575
26017	0.019445835
26019	0.019574468
26021	0.066507966
26023	0.035835245
26025	0.041807637
26027	0.0268268
26029	0.029217178
26031	0.011841707
26033	0.047323785
26035	0.012170777
26037	0.029524294
26039	0.021604504
26041	0.022041452
26043	0.017400514
26045	0.04438248
26047	0.028541806
26049	0.025871708
26051	0.015865051
26053	0.022287176
26055	0.023586482
26057	0.022284975
26059	0.012833106
26061	0.054253973
26063	0.017324726
26065	0.090603967
26067	0.019777081
26069	0.02480792
26071	0.021145006
26073	0.032879575
26075	0.022768818
26077	0.05244966
26079	0.009468276
26081	0.082287732
26083	0.016830295
26085	0.009832672
26087	0.031182048
26089	0.029882407
26091	0.030311778
26093	0.038481049
26095	0.023433979
26097	0.022414717
26099	0.104315094
26101	0.022250835
26103	0.020401143
26105	0.02398717
26107	0.023495341
26109	0.012179965
26111	0.042385435
26113	0.019950459
26115	0.024939308
26117	0.018981255
26119	0.026152437
26121	0.023850184
26123	0.028393948
26125	0.118647126
26127	0.065240881
26129	0.013360268
26131	0.01489486
26133	0.012790107
26135	0.016266636
26137	0.026126311
26139	0.06253873
26141	0.019884684
26143	0.025981384
26145	0.024303724
26147	0.032754572
26149	0.042203472
26151	0.016600083
26153	0.021983162
26155	0.012842176
26157	0.01250579
26159	0.052165947
26161	0.123906744
26163	0.085125904
26165	0.019259576
27001	0.014353187
27003	0.076279186
27005	0.016809574
27007	0.029909796
27009	0.02119561
27011	0.011515952
27013	0.042559571
27015	0.021561367
27017	0.020147406
27019	0.06339936
27021	0.015183319
27023	0.036501655
27025	0.022687216
27027	0.033378136
27029	0.017448579
27031	0.039708421
27033	0.047285165
27035	0.016557727
27037	0.089159671
27039	0.021592105
27041	0.015228426
27043	0.020422056
27045	0.015229638
27047	0.034887064
27049	0.024994028
27051	0.016515277
27053	0.134904619
27055	0.015647896
27057	0.016389408
27059	0.015484041
27061	0.015548882
27063	0.026050746
27065	0.013399413
27067	0.047223281
27069	0.034098361
27071	0.069734381
27073	0.012332146
27075	0.016272869
27077	0.036719706
27079	0.02994163
27081	0.018311292
27083	0.054790792
27085	0.037746126
27087	0.010007413
27089	0.02101061
27091	0.01839489
27093	0.018802467
27095	0.014677141
27097	0.01190548
27099	0.071232525
27101	0.017642342
27103	0.027470666
27105	0.166603738
27107	0.022485034
27109	0.100710818
27111	0.028950942
27113	0.029033417
27115	0.021510468
27117	0.030610113
27119	0.029434251
27121	0.013892672
27123	0.143665319
27125	0.018775908
27127	0.026310867
27129	0.031514463
27131	0.070934365
27133	0.019220779
27135	0.029488236
27137	0.025289093
27139	0.086564887
27141	0.027764818
27143	0.039950062
27145	0.044302484
27147	0.037203318
27149	0.040399876
27151	0.02182298
27153	0.040486156
27155	0.015265057
27157	0.019031381
27159	0.015629522
27161	0.032578052
27163	0.065928194
27165	0.109294013
27167	0.006199909
27169	0.032999961
27171	0.028150123
27173	0.019146085
28001	0.023927723
28003	0.017949622
28005	0.002951639
28007	0.016110884
28009	0.012408088
28011	0.008325624
28013	0.034879829
28015	0.002079788
28017	0.012973653
28019	0.003144654
28021	0.003682864
28023	0.00638501
28025	0.003903991
28027	0.007620564
28029	0.020469127
28031	0.00541507
28033	0.040697601
28035	0.033795888
28037	0.009615385
28039	0.023567819
28041	0.016071303
28043	0.00862382
28045	0.042403398
28047	0.066654062
28049	0.021147582
28051	0.001961594
28053	0.009048822
28055	0.002191781
28057	0.005139186
28059	0.051837038
28061	0.0034825
28063	0.003569152
28065	0.011276392
28067	0.034979332
28069	0.0133731
28071	0.039013318
28073	0.026292031
28075	0.024586265
28077	0.012282735
28079	0.025683338
28081	0.020087442
28083	0.032929738
28085	0.013064372
28087	0.030722456
28089	0.044591555
28091	0.007371282
28093	0.024050257
28095	0.007516569
28097	0.003175467
28099	0.011914807
28101	0.015484997
28103	0.020441467
28105	0.037778344
28107	0.009233956
28109	0.017772385
28111	0.004895561
28113	0.010914323
28115	0.035812951
28117	0.013904207
28119	0.007280974
28121	0.026523216
28123	0.072575215
28125	0.003836317
28127	0.018942011
28129	0.006445336
28131	0.01740488
28133	0.007215535
28135	0.040120427
28137	0.017330474
28139	0.019291731
28141	0.027950945
28143	0.035919274
28145	0.028220587
28147	0.00529203
28149	0.024515546
28151	0.016123101
28153	0.00742515
28155	0.010486084
28157	0.002111402
28159	0.005496785
28161	0.000391022
28163	0.044302004
29001	0.034931749
29003	0.010308675
29005	0.004702194
29007	0.017835538
29009	0.044205094
29011	0.023268831
29013	0.015031877
29015	0.024504145
29017	0.006120148
29019	0.069029061
29021	0.033974843
29023	0.021756988
29025	0.010882322
29027	0.020374324
29029	0.026118117
29031	0.025367583
29033	0.021623349
29035	0.017719072
29037	0.028608187
29039	0.016168091
29041	0.008574354
29043	0.020895287
29045	0.006030856
29047	0.053632403
29049	0.01035097
29051	0.035544112
29053	0.016585255
29055	0.006794742
29057	0.008485309
29059	0.008963552
29061	0.013880579
29063	0.021561454
29065	0.018778135
29067	0.00979389
29069	0.027452815
29071	0.015484432
29073	0.013552442
29075	0.006356245
29077	0.038806681
29079	0.02083741
29081	0.010288526
29083	0.019726519
29085	0.007705925
29087	0.012423625
29089	0.017152997
29091	0.025518859
29093	0.008910984
29095	0.064914192
29097	0.047340229
29099	0.021270532
29101	0.047226673
29103	0.010176884
29105	0.025073954
29107	0.020362806
29109	0.032790287
29111	0.016753209
29113	0.018284026
29115	0.018825006
29117	0.005055881
29119	0.073126222
29121	0.003022702
29123	0.01889097
29125	0.017841601
29127	0.016245677
29129	0.019957424
29131	0.016890394
29133	0.013595379
29135	0.020590696
29137	0.007345576
29139	0.010282357
29141	0.018382888
29143	0.01120017
29145	0.042343758
29147	0.023679103
29149	0.02053654
29151	0.006948466
29153	0.009715762
29155	0.010309838
29157	0.017581723
29159	0.071167316
29161	0.045852457
29163	0.018156349
29165	0.064835053
29167	0.020580253
29169	0.09612526
29171	0.023985609
29173	0.004720228
29175	0.017435696
29177	0.016778523
29179	0.005841821
29181	0.013352273
29183	0.041255933
29185	0.006873205
29186	0.003410529
29187	0.014713375
29189	0.070334214
29195	0.059970662
29197	0.034883721
29199	0.005381909
29201	0.009804421
29203	0.019340294
29205	0.012051964
29207	0.007268605
29209	0.016700877
29211	0.098776485
29213	0.044715688
29215	0.01978815
29217	0.015554177
29219	0.022395963
29221	0.009533687
29223	0.003718025
29225	0.011907736
29227	0.004132231
29229	0.020837774
29510	0.074219376
30001	0.031188659
30003	0.008140263
30005	0.009573811
30007	0.01083165
30009	0.028354633
30011	0.000789889
30013	0.037884124
30015	0.025414938
30017	0.022889596
30019	0.029052876
30021	0.005021761
30023	0.017538197
30025	0.018175463
30027	0.01476207
30029	0.029806127
30031	0.040439279
30033	0.004302926
30035	0.025583315
30037	0
30039	0.010474632
30041	0.027342779
30043	0.026770676
30045	0.013100437
30047	0.022216012
30049	0.026822372
30051	0.040869565
30053	0.033105139
30055	0.002203857
30057	0.040371048
30059	0.050526316
30061	0.020748867
30063	0.034925436
30065	0.026886579
30067	0.036614875
30069	0
30071	0.018689378
30073	0.039578264
30075	0.008454106
30077	0.009620826
30079	0.007319305
30081	0.028458419
30083	0.026166098
30085	0.005327909
30087	0.015326087
30089	0.019000088
30091	0.020140105
30093	0.022745329
30095	0.015732329
30097	0.027822798
30099	0.027527446
30101	0.033037094
30103	0.015776699
30105	0.020292208
30107	0.000935454
30109	0.013485477
30111	0.023119924
31001	0.055963568
31003	0.014185456
31005	0.004464286
31007	0.036984353
31009	0.006837607
31011	0.007982583
31013	0.027321444
31015	0.002863962
31017	0.019346654
31019	0.042166572
31021	0.012606869
31023	0.010287081
31025	0.02183908
31027	0.004977939
31029	0.043942088
31031	0.023130435
31033	0.030827367
31035	0.027258806
31037	0.224375121
31039	0.056993692
31041	0.008301405
31043	0.219161619
31045	0.031481481
31047	0.193891431
31049	0.020843925
31051	0.059873249
31053	0.055305449
31055	0.091247687
31057	0.033199195
31059	0.008284024
31061	0.010621681
31063	0.012234617
31065	0.01055409
31067	0.01230879
31069	0.005961252
31071	0.011876485
31073	0.004887586
31075	0.010432191
31077	0.01027668
31079	0.123328946
31081	0.013464696
31083	0.006978773
31085	0.037793667
31087	0.010996564
31089	0.020408163
31091	0.032033426
31093	0.00841537
31095	0.005643785
31097	0.051538462
31099	0.022296885
31101	0.031167586
31103	0
31105	0.035846073
31107	0.011370162
31109	0.075615609
31111	0.023536562
31113	0
31115	0.002989537
31117	0
31119	0.074383269
31121	0.007723996
31123	0.039984165
31125	0.004008552
31127	0.017119978
31129	0.007271926
31131	0.033394705
31133	0.026526163
31135	0.005731625
31137	0.012295974
31139	0.008531719
31141	0.074367237
31143	0.021509364
31145	0.017211704
31147	0.013101477
31149	0.010618364
31151	0.118066337
31153	0.072225002
31155	0.017058396
31157	0.041738136
31159	0.011779554
31161	0.012755102
31163	0.013401404
31165	0.011976048
31167	0.017026107
31169	0.008602562
31171	0.029850746
31173	0.019219653
31175	0.015518458
31177	0.01371355
31179	0.026757608
31181	0.011046817
31183	0.014367816
31185	0.038394668
32001	0.076614199
32003	0.237138065
32005	0.074801309
32007	0.112213267
32009	0.1393534
32011	0.053430821
32013	0.145178165
32015	0.071845691
32017	0.027042689
32019	0.079192098
32021	0.045588235
32023	0.093503133
32027	0.139732143
32029	0.059586138
32031	0.163836738
32033	0.029036827
32510	0.122918849
33001	0.037180467
33003	0.032666207
33005	0.040529877
33007	0.040633277
33009	0.069292866
33011	0.095294609
33013	0.044793405
33015	0.055403473
33017	0.050399238
33019	0.031655138
34001	0.185443265
34003	0.304455275
34005	0.114431092
34007	0.135331846
34009	0.054767902
34011	0.1535013
34013	0.276623835
34015	0.060239831
34017	0.446739825
34019	0.094503525
34021	0.225874444
34023	0.322416166
34025	0.143735292
34027	0.199378393
34029	0.094280713
34031	0.33690355
34033	0.04889064
34035	0.24007482
34037	0.080500572
34039	0.312430266
34041	0.096702166
35001	0.121473022
35003	0.025766206
35005	0.141803569
35006	0.046383072
35007	0.047231507
35009	0.114976925
35011	0.048019802
35013	0.193685961
35015	0.048489517
35017	0.059560706
35019	0.038001708
35021	0.056463596
35023	0.09065213
35025	0.143224996
35027	0.077114671
35028	0.107649667
35029	0.170019802
35031	0.030172535
35033	0.030135301
35035	0.139036759
35037	0.018888889
35039	0.066640143
35041	0.089338498
35043	0.066144372
35045	0.043274032
35047	0.053105802
35049	0.144219275
35051	0.055513627
35053	0.083007921
35055	0.047279951
35057	0.088036117
35059	0.050755696
35061	0.076480698
36001	0.102850074
36003	0.026657958
36005	0.412905493
36007	0.065817569
36009	0.021546261
36011	0.031856267
36013	0.037757929
36015	0.032637973
36017	0.027683705
36019	0.059891813
36021	0.065165332
36023	0.025808539
36025	0.048565902
36027	0.126942953
36029	0.074789554
36031	0.06125975
36033	0.079654232
36035	0.027463214
36037	0.03727112
36039	0.062091768
36041	0.029774127
36043	0.03988874
36045	0.067982853
36047	0.40626575
36049	0.019787698
36051	0.031871779
36053	0.028869812
36055	0.106852203
36057	0.066579974
36059	0.220269073
36061	0.322545407
36063	0.044543502
36065	0.08317665
36067	0.082035443
36069	0.044783786
36071	0.133309846
36073	0.049568715
36075	0.02454053
36077	0.044822058
36079	0.122102707
36081	0.499938346
36083	0.059816539
36085	0.229987512
36087	0.240490213
36089	0.051623751
36091	0.049267802
36093	0.1009517
36095	0.033327229
36097	0.018442401
36099	0.02968334
36101	0.029766181
36103	0.156408417
36105	0.116101247
36107	0.022520327
36109	0.139528669
36111	0.082152044
36113	0.038134627
36115	0.027970368
36117	0.039731704
36119	0.266640473
36121	0.033275703
36123	0.017796543
37001	0.076646659
37003	0.03400606
37005	0.05645597
37007	0.031133343
37009	0.040754326
37011	0.041526564
37013	0.048890108
37015	0.009581634
37017	0.052717813
37019	0.049001349
37021	0.066570715
37023	0.054080857
37025	0.081605906
37027	0.033760186
37029	0.046358288
37031	0.044886908
37033	0.016769192
37035	0.076387716
37037	0.114005056
37039	0.03228634
37041	0.032765929
37043	0.031220255
37045	0.02458112
37047	0.031468287
37049	0.057779397
37051	0.101972333
37053	0.036074361
37055	0.062479671
37057	0.049912196
37059	0.050384287
37061	0.132871744
37063	0.15305728
37065	0.028115664
37067	0.100530257
37069	0.049675374
37071	0.054759068
37073	0.010906387
37075	0.027765082
37077	0.055800244
37079	0.080570276
37081	0.099476071
37083	0.024278024
37085	0.089805587
37087	0.031222381
37089	0.091253924
37091	0.058359557
37093	0.095585984
37095	0.06125282
37097	0.056190119
37099	0.050361348
37101	0.086735497
37103	0.039737731
37105	0.130910244
37107	0.043454809
37109	0.055182709
37111	0.038192973
37113	0.061271093
37115	0.02763661
37117	0.022892308
37119	0.146424796
37121	0.018744802
37123	0.096628483
37125	0.06067694
37127	0.056386712
37129	0.065919256
37131	0.014240506
37133	0.068668783
37135	0.146576568
37137	0.04277871
37139	0.038434006
37141	0.046733151
37143	0.024004816
37145	0.030317711
37147	0.05680799
37149	0.054927778
37151	0.072880297
37153	0.052163451
37155	0.058519315
37157	0.041469917
37159	0.063507054
37161	0.028292349
37163	0.098557654
37165	0.023380352
37167	0.031956817
37169	0.02103861
37171	0.064445443
37173	0.026557565
37175	0.056994184
37177	0.050468143
37179	0.095541078
37181	0.039789856
37183	0.139404178
37185	0.026194809
37187	0.020487139
37189	0.040736995
37191	0.084476278
37193	0.041395564
37195	0.072905129
37197	0.061309897
37199	0.034498183
38001	0.014976466
38003	0.032494569
38005	0.008702176
38007	0.029213483
38009	0.027916407
38011	0.00768
38013	0.028075549
38015	0.016914927
38017	0.055161593
38019	0.035302954
38021	0.006956195
38023	0.067055394
38025	0.032248939
38027	0.011129431
38029	0.002794857
38031	0.013868398
38033	0.005076142
38035	0.0457082
38037	0.013425549
38039	0.004983389
38041	0.012024048
38043	0.025210084
38045	0.005497132
38047	0.004008016
38049	0.016666667
38051	0.011550578
38053	0.015330565
38055	0.014681161
38057	0.008589835
38059	0.009528734
38061	0.010024058
38063	0.014645018
38065	0.020078081
38067	0.064784946
38069	0.023389131
38071	0.026315789
38073	0.005396654
38075	0.027459016
38077	0.01544378
38079	0.006625855
38081	0.015605014
38083	0.008654603
38085	0.00626657
38087	0.015256588
38089	0.024235598
38091	0.012232416
38093	0.015972918
38095	0.020362992
38097	0.030837004
38099	0.024294391
38101	0.036214087
38103	0.014380009
38105	0.021182981
39001	0.004658331
39003	0.023152497
39005	0.022763496
39007	0.02541406
39009	0.044344971
39011	0.01232984
39013	0.011542945
39015	0.004475474
39017	0.058563442
39019	0.010583475
39021	0.016686621
39023	0.027114467
39025	0.02870417
39027	0.016597314
39029	0.014279377
39031	0.006653324
39033	0.013750625
39035	0.08500878
39037	0.01126505
39039	0.02421543
39041	0.062219642
39043	0.021250146
39045	0.030971226
39047	0.016715593
39049	0.099070706
39051	0.025642827
39053	0.014020805
39055	0.03592366
39057	0.055150988
39059	0.012307616
39061	0.053473253
39063	0.031838283
39065	0.011485666
39067	0.004916793
39069	0.021267591
39071	0.007655108
39073	0.01047619
39075	0.015450502
39077	0.034256767
39079	0.011122498
39081	0.013664026
39083	0.016363426
39085	0.057555115
39087	0.006230828
39089	0.022239719
39091	0.016164825
39093	0.047345844
39095	0.041300361
39097	0.02106556
39099	0.040777742
39101	0.017818745
39103	0.036742603
39105	0.003591347
39107	0.014076934
39109	0.023632266
39111	0.005370861
39113	0.043395254
39115	0.010074899
39117	0.011553899
39119	0.011663198
39121	0.004843771
39123	0.020767081
39125	0.013102218
39127	0.008577615
39129	0.014556198
39131	0.008645634
39133	0.031130027
39135	0.012501769
39137	0.013315579
39139	0.020863775
39141	0.014614476
39143	0.034147459
39145	0.011188423
39147	0.015641201
39149	0.02381097
39151	0.0226138
39153	0.04774526
39155	0.019829425
39157	0.015254805
39159	0.034944411
39161	0.014993075
39163	0.004458646
39165	0.056317703
39167	0.014528783
39169	0.017745485
39171	0.017533237
39173	0.037557938
39175	0.015180266
40001	0.022482893
40003	0.028622222
40005	0.010999083
40007	0.105442177
40009	0.038029813
40011	0.068063298
40013	0.03203153
40015	0.036326699
40017	0.051885042
40019	0.033660145
40021	0.031230575
40023	0.014882128
40025	0.106999195
40027	0.070464905
40029	0.011617974
40031	0.100415626
40033	0.036457493
40035	0.018413503
40037	0.021641469
40039	0.060455349
40041	0.023271583
40043	0.016760947
40045	0.020633751
40047	0.072419571
40049	0.034293403
40051	0.026718144
40053	0.010724447
40055	0.017920568
40057	0.024364775
40059	0.102169734
40061	0.022560543
40063	0.018339909
40065	0.083843259
40067	0.024790827
40069	0.030255799
40071	0.04020836
40073	0.068796892
40075	0.02280887
40077	0.014980597
40079	0.039276733
40081	0.014544812
40083	0.034578959
40085	0.059188697
40087	0.037581555
40089	0.012529815
40091	0.00893655
40093	0.050332005
40095	0.075151515
40097	0.009254073
40099	0.027942612
40101	0.030187129
40103	0.008150525
40105	0.010506567
40107	0.027695351
40109	0.111556497
40111	0.011215611
40113	0.015371297
40115	0.026770915
40117	0.015797407
40119	0.066534716
40121	0.023879549
40123	0.019810253
40125	0.022071136
40127	0.00824796
40129	0.025898079
40131	0.025304995
40133	0.02147943
40135	0.022151447
40137	0.026966644
40139	0.220743892
40141	0.05771132
40143	0.08509683
40145	0.034028861
40147	0.038176055
40149	0.019739678
40151	0.015975175
40153	0.057398657
41001	0.021269999
41003	0.104929188
41005	0.092996319
41007	0.058756695
41009	0.043413812
41011	0.041135831
41013	0.036710995
41015	0.042014929
41017	0.052332913
41019	0.031597474
41021	0.04911906
41023	0.023100965
41025	0.022213192
41027	0.199207722
41029	0.066817359
41031	0.090011934
41033	0.040312409
41035	0.055654945
41037	0.037186947
41039	0.067220837
41041	0.066466375
41043	0.04904298
41045	0.108535806
41047	0.151012715
41049	0.160709463
41051	0.152765648
41053	0.086373003
41055	0.041404612
41057	0.069745336
41059	0.106976003
41061	0.042857701
41063	0.025327385
41065	0.119148936
41067	0.180006676
41069	0.02180937
41071	0.091807148
42001	0.049091826
42003	0.052995239
42005	0.009796555
42007	0.023458284
42009	0.012052784
42011	0.100467746
42013	0.014666772
42015	0.017833723
42017	0.090820708
42019	0.024520366
42021	0.016942466
42023	0.017348928
42025	0.037076369
42027	0.078538729
42029	0.095500665
42031	0.01381353
42033	0.018217537
42035	0.016557734
42037	0.028051328
42039	0.017033843
42041	0.063544492
42043	0.079425755
42045	0.096286546
42047	0.012254522
42049	0.047694265
42051	0.014774715
42053	0.026184211
42055	0.044232624
42057	0.012585812
42059	0.013909243
42061	0.015621596
42063	0.022247941
42065	0.009651783
42067	0.024469086
42069	0.057171688
42071	0.071818106
42073	0.018305033
42075	0.062255753
42077	0.139543256
42079	0.053851709
42081	0.019925216
42083	0.016360387
42085	0.021592454
42087	0.010370466
42089	0.116640047
42091	0.104633039
42093	0.050019238
42095	0.091751231
42097	0.017567668
42099	0.015791198
42101	0.151383071
42103	0.082125013
42105	0.013324184
42107	0.023259894
42109	0.022526959
42111	0.012970518
42113	0.019013758
42115	0.0192099
42117	0.014480287
42119	0.05459975
42121	0.013138315
42123	0.01783534
42125	0.017893382
42127	0.047201631
42129	0.020183998
42131	0.017647266
42133	0.053404542
44001	0.102737546
44003	0.060588966
44005	0.08324775
44007	0.205807811
44009	0.050001182
45001	0.019008426
45003	0.041926535
45005	0.012229807
45007	0.034511916
45009	0.016997696
45011	0.017625232
45013	0.116864091
45015	0.077215922
45017	0.015462561
45019	0.066920091
45021	0.031699661
45023	0.013347394
45025	0.027405235
45027	0.020635469
45029	0.0268586
45031	0.019028594
45033	0.021735706
45035	0.058245389
45037	0.05089239
45039	0.012669343
45041	0.031544187
45043	0.03142004
45045	0.090835439
45047	0.048958017
45049	0.028456439
45051	0.073576501
45053	0.100764621
45055	0.042550402
45057	0.037328859
45059	0.032276881
45061	0.016948279
45063	0.062291469
45065	0.018765966
45067	0.028168592
45069	0.020429996
45071	0.060061506
45073	0.03892488
45075	0.024528934
45077	0.04805382
45079	0.073703986
45081	0.086835019
45083	0.065587326
45085	0.051263342
45087	0.012076461
45089	0.013998099
45091	0.051006814
46003	0.013225569
46005	0.06393548
46007	0.008151383
46009	0.015058957
46011	0.044438826
46013	0.016710327
46015	0.002313476
46017	0.017045455
46019	0.013250971
46021	0.012082445
46023	0.00428807
46025	0.016815839
46027	0.033880017
46029	0.01129507
46031	0.006174364
46033	0.023911711
46035	0.017175769
46037	0.007717944
46039	0.019010536
46041	0.003376477
46043	0.008961168
46045	0.00962963
46047	0.021267546
46049	0.010919782
46051	0.015231878
46053	0.010345638
46055	0.006343714
46057	0.017297482
46059	0.019366197
46061	0.008888889
46063	0.018072289
46065	0.01451927
46067	0.014431586
46069	0.003516174
46071	0.000659848
46073	0.043542074
46075	0.024106401
46077	0.014150029
46079	0.020280532
46081	0.023099134
46083	0.021397541
46085	0.009612817
46087	0.014252628
46089	0.00886382
46091	0.012570438
46093	0.026500297
46095	0.007356547
46097	0.006281407
46099	0.061274656
46101	0.023395413
46103	0.034574495
46105	0.010006901
46107	0.006315789
46109	0.013770557
46111	0.018510728
46113	0.000590667
46115	0.016846986
46117	0.005806011
46119	0.022318215
46121	0.004771784
46123	0.012515424
46125	0.011487376
46127	0.027552102
46129	0.010683367
46135	0.025279642
46137	0.015827338
47001	0.033493143
47003	0.078046381
47005	0.013616194
47007	0.024171751
47009	0.033945847
47011	0.049803634
47013	0.012651996
47015	0.015588578
47017	0.007348824
47019	0.011829489
47021	0.030496563
47023	0.017016248
47025	0.012858124
47027	0.014531549
47029	0.019503696
47031	0.041258077
47033	0.049281738
47035	0.028320874
47037	0.126385502
47039	0.0189081
47041	0.053949904
47043	0.027495384
47045	0.01667452
47047	0.023585402
47049	0.004697724
47051	0.023917385
47053	0.015067134
47055	0.018926056
47057	0.016816044
47059	0.025154116
47061	0.012818656
47063	0.077041528
47065	0.056744066
47067	0.006633255
47069	0.015295532
47071	0.013347181
47073	0.012876142
47075	0.018835889
47077	0.01253341
47079	0.02042085
47081	0.021949829
47083	0.01523147
47085	0.011640498
47087	0.009912182
47089	0.024218475
47091	0.009930323
47093	0.049300685
47095	0.038136678
47097	0.022491723
47099	0.015771885
47101	0.019227582
47103	0.018545367
47105	0.062835201
47107	0.02543346
47109	0.017344613
47111	0.041726944
47113	0.039190393
47115	0.018492227
47117	0.035730782
47119	0.037828804
47121	0.013120659
47123	0.025700514
47125	0.087627365
47127	0.007591333
47129	0.011286475
47131	0.028114214
47133	0.008523245
47135	0.012637222
47137	0.0062819
47139	0.013739546
47141	0.049871264
47143	0.02609054
47145	0.022635796
47147	0.046316947
47149	0.077145197
47151	0.007749493
47153	0.021663222
47155	0.053339476
47157	0.067036632
47159	0.015584959
47161	0.027811458
47163	0.020093822
47165	0.044811232
47167	0.02796798
47169	0.014472336
47171	0.031887546
47173	0.012635756
47175	0.003262051
47177	0.054261808
47179	0.041224127
47181	0.023295488
47183	0.025193128
47185	0.015124417
47187	0.07156419
47189	0.043798094
48001	0.069889332
48003	0.137172414
48005	0.084211872
48007	0.068106527
48009	0.039942306
48011	0.045619492
48013	0.068435347
48015	0.103907638
48017	0.12854923
48019	0.042645907
48021	0.11306019
48023	0.023076923
48025	0.050538915
48027	0.137948677
48029	0.14859243
48031	0.080062336
48033	0.038709677
48035	0.064576664
48037	0.037811606
48039	0.128783373
48041	0.135764624
48043	0.068772007
48045	0.084400466
48047	0.047964917
48049	0.046465282
48051	0.089251271
48053	0.078228419
48055	0.059928562
48057	0.094114878
48059	0.029043491
48061	0.259359731
48063	0.122237513
48065	0.027822194
48067	0.0214965
48069	0.220608663
48071	0.065878277
48073	0.101215619
48075	0.063092375
48077	0.018820924
48079	0.12599936
48081	0.041691133
48083	0.026809955
48085	0.184667148
48087	0.105731225
48089	0.092968449
48091	0.07226395
48093	0.078901859
48095	0.349779087
48097	0.08679324
48099	0.112491327
48101	0.036030715
48103	0.140367405
48105	0.151175214
48107	0.058372738
48109	0.163658737
48111	0.184708554
48113	0.238216683
48115	0.075914524
48117	0.180338101
48119	0.023180077
48121	0.151129582
48123	0.029972073
48125	0.043675319
48127	0.10405555
48129	0.029801325
48131	0.044554872
48133	0.039080584
48135	0.133048065
48137	0.097380129
48139	0.085865698
48141	0.284258518
48143	0.105289807
48145	0.050002809
48147	0.039848758
48149	0.074640325
48151	0.031718712
48153	0.070539419
48155	0.042768274
48157	0.260221654
48159	0.070252986
48161	0.047514433
48163	0.087419544
48165	0.216726041
48167	0.107288596
48169	0.378224403
48171	0.069156744
48173	0.076335878
48175	0.028380634
48177	0.141775881
48179	0.065449885
48181	0.063451967
48183	0.099330727
48185	0.088036288
48187	0.09327132
48189	0.106403013
48191	0.141506647
48193	0.035802615
48195	0.186097031
48197	0.042573547
48199	0.015708358
48201	0.260643825
48203	0.056231634
48205	0.05356545
48207	0.051216607
48209	0.082871482
48211	0.127993614
48213	0.058065668
48215	0.303407604
48217	0.080838067
48219	0.071045401
48221	0.062904151
48223	0.082910321
48225	0.05027933
48227	0.158810795
48229	0.336440431
48231	0.072408947
48233	0.07003803
48235	0.02293578
48237	0.046107917
48239	0.058634481
48241	0.03483595
48243	0.073453608
48245	0.105139721
48247	0.135155802
48249	0.036917273
48251	0.080063602
48253	0.05734856
48255	0.072076918
48257	0.070990247
48259	0.094939036
48261	0.021538462
48263	0.031431898
48265	0.078714239
48267	0.110310179
48269	0.166007905
48271	0.082330416
48273	0.079345128
48275	0.079125034
48277	0.049173728
48279	0.103107445
48281	0.111628378
48283	0.072205882
48285	0.057185893
48287	0.072441896
48289	0.05436534
48291	0.071391585
48293	0.08951121
48295	0.123006135
48297	0.048771991
48299	0.037683583
48301	0
48303	0.063096162
48305	0.07254935
48307	0.056903664
48309	0.095251209
48311	0.072802198
48313	0.0744107
48315	0.028001498
48317	0.098426871
48319	0.049620253
48321	0.109350281
48323	0.373016914
48325	0.070897079
48327	0.054806828
48329	0.094391194
48331	0.050239331
48333	0.084971335
48335	0.068822023
48337	0.043999393
48339	0.132676017
48341	0.22741943
48343	0.041637858
48345	0.022330097
48347	0.093436874
48349	0.112765377
48351	0.024980917
48353	0.05616638
48355	0.087875391
48357	0.216024441
48359	0.042814961
48361	0.031478147
48363	0.067626979
48365	0.039425918
48367	0.050015684
48369	0.196613173
48371	0.175040414
48373	0.066304514
48375	0.146850596
48377	0.294810405
48379	0.048026196
48381	0.05066642
48383	0.182470835
48385	0.065178033
48387	0.032455936
48389	0.177762933
48391	0.041728763
48393	0.015819209
48395	0.074792244
48397	0.109981794
48399	0.05926138
48401	0.067153839
48403	0.019932622
48405	0.027153872
48407	0.030352779
48409	0.051928467
48411	0.069508958
48413	0.100817439
48415	0.078423162
48417	0.037117229
48419	0.095049583
48421	0.18217953
48423	0.097094842
48425	0.083894231
48427	0.316827757
48429	0.056060132
48431	0.104440789
48433	0.013610315
48435	0.130538352
48437	0.069800205
48439	0.168750491
48441	0.072058745
48443	0.146934461
48445	0.1018895
48447	0.053173242
48449	0.205752983
48451	0.082292573
48453	0.194706651
48455	0.03638619
48457	0.01412037
48459	0.040480336
48461	0.093959732
48463	0.100303836
48465	0.242371062
48467	0.045881524
48469	0.061902558
48471	0.082593928
48473	0.146130031
48475	0.067164179
48477	0.064940922
48479	0.309205654
48481	0.092787771
48483	0.091422122
48485	0.081369664
48487	0.052037201
48489	0.166529643
48491	0.120347488
48493	0.05807399
48495	0.155277738
48497	0.067066419
48499	0.043044933
48501	0.248434505
48503	0.050896409
48505	0.242691114
48507	0.139059829
49001	0.067590454
49003	0.038885381
49005	0.074440557
49007	0.036552282
49009	0.048260382
49011	0.061240552
49013	0.031900139
49015	0.031033527
49017	0.043151227
49019	0.058157432
49021	0.039508186
49023	0.021905045
49025	0.037813927
49027	0.079750122
49029	0.026494346
49031	0.008449004
49033	0.015219338
49035	0.132296068
49037	0.020170728
49039	0.060501487
49041	0.026515701
49043	0.111738212
49045	0.043401162
49047	0.037877838
49049	0.082081339
49051	0.086039811
49053	0.065435703
49055	0.065082267
49057	0.082350715
50001	0.05082123
50003	0.04033106
50005	0.031444323
50007	0.07565557
50009	0.053385827
50011	0.035691069
50013	0.039824263
50015	0.039201122
50017	0.025572979
50019	0.050170661
50021	0.025792498
50023	0.040184431
50025	0.045801527
50027	0.039164583
51001	0.073736684
51003	0.106217722
51005	0.021683205
51007	0.040772702
51009	0.025201769
51011	0.013562753
51013	0.257030823
51015	0.026970051
51017	0.028439014
51019	0.024459905
51021	0.033182943
51023	0.028887001
51025	0.01429955
51027	0.015264965
51029	0.016039011
51031	0.024355327
51033	0.037295459
51035	0.029864676
51036	0.011352624
51037	0.021744306
51041	0.094686598
51043	0.051345785
51045	0.008724312
51047	0.091563099
51049	0.022965351
51051	0.007285059
51053	0.025294075
51057	0.027473026
51059	0.316223286
51061	0.072191115
51063	0.024544735
51065	0.040704715
51067	0.0329372
51069	0.06430115
51071	0.013258126
51073	0.036417082
51075	0.032261068
51077	0.013565151
51079	0.049095183
51081	0.02771855
51083	0.015862944
51085	0.040305907
51087	0.115861706
51089	0.034626953
51091	0.013593883
51093	0.03245754
51095	0.093014069
51097	0.020875324
51099	0.038463188
51101	0.02110885
51103	0.030462185
51105	0.016020468
51107	0.245218888
51109	0.030269709
51111	0.038598391
51113	0.043403169
51115	0.025666667
51117	0.034474343
51119	0.026623676
51121	0.093157991
51125	0.028905575
51127	0.024991706
51131	0.064916353
51133	0.02799453
51135	0.036667719
51137	0.05443057
51139	0.019210821
51141	0.015721747
51143	0.022549609
51145	0.034041638
51147	0.021171367
51149	0.06615991
51153	0.238716633
51155	0.017106017
51157	0.04271086
51159	0.051020408
51161	0.056920552
51163	0.024210904
51165	0.055134663
51167	0.010114306
51169	0.012796209
51171	0.052120458
51173	0.01633197
51175	0.013837291
51177	0.082875202
51179	0.108744421
51181	0.037859379
51183	0.014653824
51185	0.016001964
51187	0.049567291
51191	0.012301384
51193	0.043483262
51195	0.018937477
51197	0.008723726
51199	0.099695201
51510	0.268361953
51515	0.044469599
51520	0.0151823
51530	0.008725741
51540	0.138336686
51550	0.063870638
51570	0.064739951
51580	0.019558676
51590	0.036861373
51595	0.04
51600	0.270368542
51610	0.236402027
51620	0.040723454
51630	0.11884239
51640	0.05302486
51650	0.074224744
51660	0.175305826
51670	0.058594096
51678	0.071591883
51680	0.052011383
51683	0.263019206
51685	0.330983356
51690	0.037890794
51700	0.099663553
51710	0.08413552
51720	0.004067107
51730	0.043139438
51735	0.073323965
51740	0.038785835
51750	0.075913033
51760	0.080934216
51770	0.070368985
51775	0.057696195
51790	0.03490665
51800	0.045635895
51810	0.113170198
51820	0.049938113
51830	0.125682265
51840	0.124171995
53001	0.259390891
53003	0.018535724
53005	0.10299878
53007	0.119018764
53009	0.06499993
53011	0.111436672
53013	0.034102307
53015	0.054778658
53017	0.166772369
53019	0.055511288
53021	0.271564006
53023	0.055258467
53025	0.180295713
53027	0.066083375
53029	0.091286149
53031	0.050489751
53033	0.218003866
53035	0.093220135
53037	0.059884827
53039	0.066933215
53041	0.058616148
53043	0.037075668
53045	0.055659059
53047	0.114844423
53049	0.063837848
53051	0.037909203
53053	0.124589402
53055	0.083194994
53057	0.110670782
53059	0.03397395
53061	0.152933278
53063	0.067621014
53065	0.037810189
53067	0.099046821
53069	0.032799199
53071	0.11507377
53073	0.127100539
53075	0.098484163
53077	0.186452409
54001	0.003481341
54003	0.040855634
54005	0.003152025
54007	0.00391995
54009	0.022631951
54011	0.022645249
54013	0.002363445
54015	0.000105175
54017	0.00827467
54019	0.010188786
54021	0.047524055
54023	0.008197407
54025	0.007324356
54027	0.008715789
54029	0.015879214
54031	0.024904628
54033	0.012640919
54035	0.004080793
54037	0.047395695
54039	0.019019539
54041	0.009146341
54043	0.004500161
54045	0.004950224
54047	0.002919774
54049	0.017069626
54051	0.008141604
54053	0.010091338
54055	0.013386601
54057	0.003646764
54059	0.003313601
54061	0.049624824
54063	0.007762827
54065	0.011134586
54067	0.005876068
54069	0.015387384
54071	0.011391586
54073	0.003528028
54075	0.019362187
54077	0.015324059
54079	0.01542356
54081	0.02057153
54083	0.011768318
54085	0.003251411
54087	0.007264729
54089	0.00989384
54091	0.009870964
54093	0.005759236
54095	0.006040992
54097	0.008549137
54099	0.005454588
54101	0.007281026
54103	0.011157349
54105	0.006783788
54107	0.012078018
54109	0.002477118
55001	0.034548578
55003	0.019121287
55005	0.021156989
55007	0.019529957
55009	0.058284621
55011	0.011045278
55013	0.017578624
55015	0.035698063
55017	0.01686327
55019	0.028389892
55021	0.021831745
55023	0.017905103
55025	0.085939001
55027	0.027141684
55029	0.028179113
55031	0.021517605
55033	0.025804528
55035	0.03401312
55037	0.006418769
55039	0.038193999
55041	0.007204153
55043	0.014898712
55045	0.030911522
55047	0.021687883
55049	0.019538188
55051	0.018142477
55053	0.020495219
55055	0.042468911
55057	0.021352979
55059	0.0725341
55061	0.018726047
55063	0.040305786
55065	0.022761127
55067	0.019661523
55069	0.014352909
55071	0.02995239
55073	0.044011393
55075	0.018935957
55077	0.018410476
55078	0.013608634
55079	0.102795524
55081	0.031422333
55083	0.01470159
55085	0.016080013
55087	0.046971387
55089	0.052552796
55091	0.01588573
55093	0.018696411
55095	0.016316753
55097	0.038607105
55099	0.015200336
55101	0.052197366
55103	0.024636243
55105	0.049503962
55107	0.016293692
55109	0.029322113
55111	0.044923907
55113	0.02077062
55115	0.013782067
55117	0.055935391
55119	0.015183119
55121	0.031393889
55123	0.016301046
55125	0.024402644
55127	0.071152359
55129	0.014343877
55131	0.032395762
55133	0.049721095
55135	0.015869995
55137	0.028723491
55139	0.039184981
55141	0.028349031
56001	0.065521611
56003	0.030381719
56005	0.0345075
56007	0.056825397
56009	0.014048249
56011	0.010973145
56013	0.0188536
56015	0.015615432
56017	0.031973075
56019	0.022528898
56021	0.044682169
56023	0.032679003
56025	0.026974874
56027	0.01297648
56029	0.029175915
56031	0.01601198
56033	0.034999826
56035	0.031563845
56037	0.065164998
56039	0.088910994
56041	0.035693669
56043	0.046703297
56045	0.013717805
